,precision,recall,f1-score,support
NonViolence,0.826530612244898,0.81,0.8181818181818183,200.0
Violence,0.8137254901960784,0.83,0.8217821782178217,200.0
accuracy,0.82,0.82,0.82,0.82
macro avg,0.8201280512204883,0.8200000000000001,0.81998199819982,400.0
weighted avg,0.8201280512204883,0.82,0.8199819981998201,400.0
