{
  "latency_ms_per_batch": 533.5143566131592,
  "fps_clips_per_s": 14.994910447743854,
  "model_size_mb": 1.010101318359375
}