metric,point_estimate,ci_low,ci_high
f1,0.8217821782178217,0.7813209749776914,0.8617549923195084
accuracy,0.82,0.7825,0.8575
precision,0.8137254901960784,0.760863783533765,0.868020304568528
recall,0.83,0.7771872736054094,0.8826365510133974
auc,0.8871624999999999,0.8550686457059546,0.9162901639882854
specificity,0.81,0.758440122044241,0.863892070244328
