{
  "latency_ms_per_batch": 546.0014462471008,
  "fps_clips_per_s": 14.6519758417993,
  "model_size_mb": 1.010101318359375
}