,precision,recall,f1-score,support
NonViolence,0.7980769230769231,0.83,0.8137254901960785,200.0
Violence,0.8229166666666666,0.79,0.806122448979592,200.0
accuracy,0.81,0.81,0.81,0.81
macro avg,0.8104967948717949,0.81,0.8099239695878353,400.0
weighted avg,0.8104967948717947,0.81,0.8099239695878353,400.0
