{
  "latency_ms_per_batch": 294.761061668396,
  "fps_clips_per_s": 27.14062690207006,
  "model_size_mb": 1.0880813598632812
}