metric,point_estimate,ci_low,ci_high
f1,0.806122448979592,0.7586206896551724,0.848000980392157
accuracy,0.81,0.7675,0.85
precision,0.8229166666666666,0.7688336418936789,0.878457732124658
recall,0.79,0.7290617374890659,0.8446704498837686
auc,0.8725625,0.8347992252328079,0.9051500785330826
specificity,0.83,0.7783114395183361,0.8798177083333333
