,precision,recall,f1-score,support
NonViolence,0.8076923076923077,0.84,0.8235294117647058,200.0
Violence,0.8333333333333334,0.8,0.816326530612245,200.0
accuracy,0.82,0.82,0.82,0.82
macro avg,0.8205128205128205,0.8200000000000001,0.8199279711884755,400.0
weighted avg,0.8205128205128206,0.82,0.8199279711884754,400.0
