{
  "latency_ms_per_batch": 311.17398738861084,
  "fps_clips_per_s": 25.70908984756868,
  "model_size_mb": 1.0880813598632812
}