metric,point_estimate,ci_low,ci_high
f1,0.816326530612245,0.7712355185473989,0.854426924263701
accuracy,0.82,0.78,0.855
precision,0.8333333333333334,0.7798959458764212,0.8852576112412178
recall,0.8,0.7427031170158406,0.8541692839195979
auc,0.8896875,0.8571591564482559,0.9209693749915789
specificity,0.84,0.7897134776192819,0.8894388089005235
